id;status;operation_name;dateofcreation;dateofmodification;lastmodificationuser
1bd288e5-2aad-4122-819b-85a4e15efb4e;synergies;seamless Industrial Sausages;2022-04-11;2022-04-10;Kids technologies
4821f9c3-e1c5-4ff3-b099-df170ada26c3;firmware;calculating Centre;2022-04-11;2022-04-10;virtual content digital
588e70db-2945-4ea2-9a59-a8626f1c5d12;Games withdrawal;generate;2022-04-11;2022-04-10;du Nuevo
3e77d0e3-57cc-4a5d-8a9a-e0180bb3e462;compress;c end-to-end Bedfordshire;2022-04-11;2022-04-10;Unbranded
18f2f8e3-52c2-4886-80e7-950708859c3f;USB transmitting Saint-Dominique;Singapour Directeur b;2022-04-11;2022-04-11;Dong
1846043f-1b65-40d3-9a1a-a7be9e5b653d;black convergence Digitized;quantifying;2022-04-10;2022-04-11;Configurable Computers
96bdf699-670f-4ec4-b449-779ca85ff1fa;enterprise Cambridgeshire synergistic;Executif;2022-04-11;2022-04-11;connecting Assimilated Birmanie
5525613a-e8f6-460d-8b23-b98c685eca99;orchestrate;hack;2022-04-11;2022-04-11;moderator
e5806f45-4785-4bd5-8aa7-de76e8692daa;multi-byte Salad Gorgeous;Books Bahamian card;2022-04-11;2022-04-11;auxiliary parse
f0abe2db-4838-4c9e-b57b-2c4e39847ac4;Integrated;withdrawal Oberkampf Superviseur;2022-04-10;2022-04-10;navigating
